{
    "faces":[33,0,1,2,3,0,1,2,3,33,22,20,10,11,4,5,6,7,33,32,4,5,33,8,8,9,9,33,33,5,6,34,9,9,5,5,33,34,6,7,35,5,5,4,4,33,32,0,3,35,8,0,3,4,33,8,11,10,9,10,7,6,11,33,20,21,9,10,5,9,11,6,33,23,22,11,8,8,4,7,10,33,21,23,8,9,9,8,10,11,33,28,30,14,13,4,5,5,4,33,24,25,15,12,4,5,5,4,33,30,31,16,14,5,9,9,5,33,25,26,17,15,5,9,9,5,33,29,28,13,19,8,4,4,8,33,27,24,12,18,8,4,4,8,33,31,29,19,16,9,8,8,9,33,26,27,18,17,9,8,8,9,33,12,15,20,22,4,5,5,4,33,15,17,21,20,5,9,9,5,33,18,12,22,23,8,4,4,8,33,17,18,23,21,9,8,8,9,33,13,14,25,24,4,5,5,4,33,14,16,26,25,5,9,9,5,33,19,13,24,27,8,4,4,8,33,16,19,27,26,9,8,8,9,33,7,6,30,28,4,5,5,4,33,6,5,31,30,5,9,9,5,33,4,7,28,29,8,4,4,8,33,5,4,29,31,9,8,8,9,33,0,32,33,1,0,8,9,1,33,1,33,34,2,1,9,5,2,33,2,34,35,3,2,5,4,3,33,4,32,35,7,8,8,4,4],
    "uvs":[],
    "metadata":{
        "faces":34,
        "generator":"io_three",
        "normals":12,
        "type":"Geometry",
        "uvs":0,
        "vertices":36,
        "version":3
    },
    "normals":[0,-0.577349,-0.816492,0.816492,-0.577349,0,0,-0.577349,0.816492,-0.816492,-0.577349,0,-1,0,0,0,0,1,0,0.577349,0.816492,-0.816492,0.577349,0,0,0,-1,1,0,0,0,0.577349,-0.816492,0.816492,0.577349,0],
    "vertices":[1,-0,-2.41421,2.41421,-0,-1,1,0,0.414213,-0.414214,-0,-1,1,2,-2.41421,2.41421,2,-0.999999,1,2,0.414213,-0.414213,2,-1,1,7,-2.41421,2.41421,7,-1,1,7,0.414213,-0.414213,7,-1,-0.414213,5.33333,-1,-0.414213,3.66667,-1,1,3.66667,0.414213,1,5.33333,0.414213,2.41421,3.66667,-0.999999,2.41421,5.33333,-0.999999,1,5.33333,-2.41421,1,3.66667,-2.41421,1,6.16667,0.414213,2.41421,6.16667,-1,-0.414213,6.16667,-1,1,6.16667,-2.41421,-0.414213,4.5,-1,1,4.5,0.414213,2.41421,4.5,-0.999999,1,4.5,-2.41421,-0.414213,2.83333,-1,1,2.83333,-2.41421,1,2.83333,0.414213,2.41421,2.83333,-0.999999,1,1,-2.41421,2.41421,1,-1,1,1,0.414214,-0.414214,1,-1],
    "name":"Cube.001Geometry"
}