{
    "normals":[0,-1,0,0.425306,-0.850642,0.309,-0.16245,-0.850642,0.499985,0.723594,-0.447188,0.525712,0.850642,-0.525712,0,-0.525712,-0.850642,0,-0.16245,-0.850642,-0.499985,0.425306,-0.850642,-0.309,0.951048,0,0.309,-0.276376,-0.447218,0.850642,0.262856,-0.525712,0.808985,0,0,1,-0.894406,-0.447188,0,-0.688162,-0.525712,0.499985,-0.951048,0,0.309,-0.276376,-0.447218,-0.850642,-0.688162,-0.525712,-0.499985,-0.587756,0,-0.809015,0.723594,-0.447188,-0.525712,0.262856,-0.525712,-0.808985,0.587756,0,-0.809015,0.587756,0,0.809015,-0.587756,0,0.809015,-0.951048,0,-0.309,0,0,-1,0.951048,0,-0.309,0.276376,0.447218,0.850642,0.688162,0.525712,0.499985,0.16245,0.850642,0.499985,-0.723594,0.447188,0.525712,-0.262856,0.525712,0.808985,-0.425306,0.850642,0.309,-0.723594,0.447188,-0.525712,-0.850642,0.525712,0,-0.425306,0.850642,-0.309,0.276376,0.447218,-0.850642,-0.262856,0.525712,-0.808985,0.16245,0.850642,-0.499985,0.894406,0.447188,0,0.688162,0.525712,-0.499985,0.525712,0.850642,0,0,1,0],
    "faces":[34,0,13,12,0,0,1,2,34,1,13,15,0,3,1,4,34,0,12,17,0,0,2,5,34,0,17,19,0,0,5,6,34,0,19,16,0,0,6,7,34,1,15,22,0,3,4,8,34,2,14,24,0,9,10,11,34,3,18,26,0,12,13,14,34,4,20,28,0,15,16,17,34,5,21,30,0,18,19,20,34,1,22,25,0,3,8,21,34,2,24,27,0,9,11,22,34,3,26,29,0,12,14,23,34,4,28,31,0,15,17,24,34,5,30,23,0,18,20,25,34,6,32,37,0,26,27,28,34,7,33,39,0,29,30,31,34,8,34,40,0,32,33,34,34,9,35,41,0,35,36,37,34,10,36,38,0,38,39,40,34,38,41,11,0,40,37,41,34,38,36,41,0,40,39,37,34,36,9,41,0,39,35,37,34,41,40,11,0,37,34,41,34,41,35,40,0,37,36,34,34,35,8,40,0,36,32,34,34,40,39,11,0,34,31,41,34,40,34,39,0,34,33,31,34,34,7,39,0,33,29,31,34,39,37,11,0,31,28,41,34,39,33,37,0,31,30,28,34,33,6,37,0,30,26,28,34,37,38,11,0,28,40,41,34,37,32,38,0,28,27,40,34,32,10,38,0,27,38,40,34,23,36,10,0,25,39,38,34,23,30,36,0,25,20,39,34,30,9,36,0,20,35,39,34,31,35,9,0,24,36,35,34,31,28,35,0,24,17,36,34,28,8,35,0,17,32,36,34,29,34,8,0,23,33,32,34,29,26,34,0,23,14,33,34,26,7,34,0,14,29,33,34,27,33,7,0,22,30,29,34,27,24,33,0,22,11,30,34,24,6,33,0,11,26,30,34,25,32,6,0,21,27,26,34,25,22,32,0,21,8,27,34,22,10,32,0,8,38,27,34,30,31,9,0,20,24,35,34,30,21,31,0,20,19,24,34,21,4,31,0,19,15,24,34,28,29,8,0,17,23,32,34,28,20,29,0,17,16,23,34,20,3,29,0,16,12,23,34,26,27,7,0,14,22,29,34,26,18,27,0,14,13,22,34,18,2,27,0,13,9,22,34,24,25,6,0,11,21,26,34,24,14,25,0,11,10,21,34,14,1,25,0,10,3,21,34,22,23,10,0,8,25,38,34,22,15,23,0,8,4,25,34,15,5,23,0,4,18,25,34,16,21,5,0,7,19,18,34,16,19,21,0,7,6,19,34,19,4,21,0,6,15,19,34,19,20,4,0,6,16,15,34,19,17,20,0,6,5,16,34,17,3,20,0,5,12,16,34,17,18,3,0,5,13,12,34,17,12,18,0,5,2,13,34,12,2,18,0,2,9,13,34,15,16,5,0,4,7,18,34,15,13,16,0,4,1,7,34,13,0,16,0,1,0,7,34,12,14,2,0,2,10,9,34,12,13,14,0,2,1,10,34,13,1,14,0,1,3,10],
    "uvs":[],
    "metadata":{
        "normals":42,
        "faces":80,
        "uvs":0,
        "generator":"io_three",
        "materials":1,
        "vertices":42,
        "type":"Geometry",
        "version":3
    },
    "materials":[{
        "shading":"phong",
        "opacity":1,
        "colorDiffuse":[0.64,0.148692,0.126146],
        "wireframe":false,
        "depthTest":true,
        "colorEmissive":[0,0,0],
        "depthWrite":true,
        "DbgName":"Material",
        "specularCoef":50,
        "doubleSided":false,
        "blending":"NormalBlending",
        "DbgIndex":0,
        "transparent":false,
        "DbgColor":15658734,
        "visible":true,
        "colorSpecular":[0.5,0.5,0.5]
    }],
    "vertices":[0,-0.2,8.74228e-09,0.144721,-0.0894439,0.105145,-0.0552776,-0.089444,0.17013,-0.178885,-0.0894431,3.90968e-09,-0.0552776,-0.089444,-0.17013,0.144721,-0.0894439,-0.105145,0.0552776,0.089444,0.17013,-0.144721,0.0894439,0.105145,-0.144721,0.0894439,-0.105145,0.0552776,0.089444,-0.17013,0.178885,0.0894431,-3.90968e-09,0,0.2,-8.74228e-09,-0.0324911,-0.170131,0.0999991,0.0850645,-0.170131,0.0618023,0.0525738,-0.105148,0.161802,0.17013,-0.105147,4.59613e-09,0.0850645,-0.170131,-0.0618023,-0.105146,-0.17013,7.43663e-09,-0.137638,-0.105147,0.0999994,-0.0324911,-0.170131,-0.0999991,-0.137638,-0.105147,-0.0999994,0.0525738,-0.105148,-0.161802,0.190212,2.70147e-09,0.0618025,0.190212,-2.70147e-09,-0.0618025,0,8.74228e-09,0.2,0.117557,7.07265e-09,0.161803,-0.190212,2.70147e-09,0.0618025,-0.117557,7.07265e-09,0.161803,-0.117557,-7.07265e-09,-0.161803,-0.190212,-2.70147e-09,-0.0618025,0.117557,-7.07265e-09,-0.161803,0,-8.74228e-09,-0.2,0.137638,0.105147,0.0999994,-0.0525738,0.105148,0.161802,-0.17013,0.105147,-4.59613e-09,-0.0525738,0.105148,-0.161802,0.137638,0.105147,-0.0999994,0.0324911,0.170131,0.0999991,0.105146,0.17013,-7.43663e-09,-0.0850645,0.170131,0.0618023,-0.0850645,0.170131,-0.0618023,0.0324911,0.170131,-0.0999991]
}